CHROM	SEQ	PRED
NC_000913.2:2541-2581(+)|POSITIVE	GCCCGTGATGAAGGAAAAGTTTTGCGCTATGTTGGCAATA	0.32
NC_000913.2:5107-5147(+)|POSITIVE	AAAAGGAGAAATTCTCAATAAATGCGGTAACTTAGAGATT	0.15
NC_000913.2:8002-8042(+)|POSITIVE	ACGTTACCAATTGTTTAAGAAGTATATACGCTACGAGGTA	0.18
NC_000913.2:8052-8092(-)|POSITIVE	CCCGCCATTTTTATACAAAACCTCATGTATGCTACGCAGA	0.39666666666666667
NC_000913.2:2315833-2315873(+)|NEGATIVE	GAATACGCACGGTAAACTGGCTGCCCATTCCCGGTTCTGA	0.08
NC_000913.2:2412757-2412797(+))|NEGATIVE	GAGGATAAACCGTGTCCCGTATTATTATGCTGATCCCTAC	0.07
NC_000913.2:1042622-1042662(+))|NEGATIVE	ATTCAAGGCTTTGTGAATCCTGCGCCGCCTGGCGAGCGAT	0.06
NC_000913.2:2099823-2099863(+))|NEGATIVE	TTTCTTCATGTTTGAGCCGATTTTTTCTCCCGTAAATGCC	0.16
NC_000913.2:2278759-2278799(-))|NEGATIVE	CGAGCCAGCCGTGCCAGTTCCGCTATCACCAGGCTTTTAC	0.06
